AAA	0.423076923076923
AAC	0.5
AAG	0.827692307692308
AAT	0.295
ACA	0.38465
ACC	0.364615384615385
ACG	0.353846153846154
ACT	0.414230769230769
AGA	0.384615384615385
AGC	0.423076923076923
AGG	0.469230769230769
AGT	0.249615384615385
ATA	0.153923076923077
ATC	0.630769230769231
ATT	0.814615384615385
CAA	0.307696153846154
CAC	0.72
CAG	0.521538461538462
CAT	0.446923076923077
CCA	0.576973076923077
CCC	0.36
CCG	0.492307692307692
CCT	0.5
CGA	0.192361538461538
CGC	0.426153846153846
CGG	0.292307692307692
CGT	0.561153846153846
CTA	0.307746153846154
CTC	0.387692307692308
CTG	0.406153846153846
CTT	0.538461538461538
GAA	0.423076923076923
GAC	0.846153846153846
GAG	0.866153846153846
GAT	0.499230769230769
GCA	0.384688461538461
GCC	0.526153846153846
GCG	0.546153846153846
GCT	0.730769230769231
GGA	0.307692307692308
GGC	1
GGG	0.444615384615385
GGT	0.59
GTA	0.192357692307692
GTC	0.475384615384615
GTG	0.484615384615385
GTT	0.568076923076923
TAC	0.681538461538462
TAT	0.424230769230769
TCA	0.346192307692308
TCC	0.430769230769231
TCG	0.303076923076923
TCT	0.475384615384615
TGC	0.461538461538462
TGG	0.692307692307692
TGT	0.272307692307692
TTA	0.153846153846154
TTC	0.692307692307692
TTG	0.510769230769231
TTT	0.408461538461538
