AAA	0.101937046004843
AAC	1
AAG	1
AAT	0.197117619711762
ACA	0.200670498084291
ACC	1
ACG	0.442049808429119
ACT	0.291666666666667
AGA	0.157082748948107
AGC	0.764057331863286
AGG	0.731416549789621
AGT	0.110804851157663
ATA	0.0522925350511557
ATC	1
ATT	0.270935960591133
CAA	0.179556517036236
CAC	1
CAG	1
CAT	0.254852320675105
CCA	0.466619817287421
CCC	1
CCG	0.992269852424455
CCT	0.569219957835559
CGA	0.05890603085554
CGC	1
CGG	0.464235624123422
CGT	0.314866760168303
CTA	0.0564459930313589
CTC	1
CTG	0.688850174216028
CTT	0.286411149825784
GAA	0.181989247311828
GAC	1
GAG	1
GAT	0.329444063143445
GCA	0.205002578648788
GCC	1
GCG	0.571170706549768
GCT	0.353532748839608
GGA	0.240851063829787
GGC	1
GGG	0.406524822695035
GGT	0.314893617021277
GTA	0.0744815911976301
GTC	1
GTG	0.953872196360559
GTT	0.364790520524757
TAC	1
TAT	0.196911196911197
TCA	0.231532524807056
TCC	1
TCG	0.448180815876516
TCT	0.329106945975744
TGC	1
TGT	0.140398550724638
TTA	0.0233449477351916
TTC	1
TTG	0.171428571428571
TTT	0.201946472019465
